"Date","Price","Open","High","Low","Vol.","Change %"
"11/07/2022","166.66","166.66","166.66","166.66","","-18.00%"
"11/04/2022","203.25","203.25","203.25","203.25","","-8.71%"
"11/03/2022","222.63","222.63","222.63","222.63","","1.10%"
"11/02/2022","220.20","220.20","220.20","220.20","","4.99%"
"11/01/2022","209.73","209.73","209.73","209.73","","1.04%"
"10/31/2022","207.57","207.57","207.57","207.57","","37.64%"
"10/28/2022","150.81","150.81","150.81","150.81","","-0.68%"
"10/27/2022","151.84","151.84","151.84","151.84","","0.02%"
"10/26/2022","151.81","151.81","151.81","151.81","","0.75%"
"10/25/2022","150.68","150.68","150.68","150.68","","-0.34%"
"10/24/2022","151.20","151.20","151.20","151.20","","-6.65%"
"10/21/2022","161.97","161.97","161.97","161.97","","-2.51%"
"10/20/2022","166.14","166.14","166.14","166.14","","0.62%"
"10/19/2022","165.12","165.12","165.12","165.12","","2.06%"
"10/18/2022","161.78","161.78","161.78","161.78","","-3.87%"
"10/17/2022","168.30","168.30","168.30","168.30","","-6.60%"
"10/14/2022","180.19","180.19","180.19","180.19","","-5.71%"
"10/13/2022","191.10","191.10","191.10","191.10","","-2.60%"
"10/12/2022","196.21","196.21","196.21","196.21","","2.50%"
"10/11/2022","191.43","191.43","191.43","191.43","","-2.73%"
"10/10/2022","196.81","196.81","196.81","196.81","","-10.59%"
"10/07/2022","220.13","220.13","220.13","220.13","","-6.47%"
"10/06/2022","235.35","235.35","235.35","235.35","","10.07%"
"10/05/2022","213.81","213.81","213.81","213.81","","-1.22%"
"10/04/2022","216.46","216.46","216.46","216.46","","-9.74%"
"10/03/2022","239.83","239.83","239.83","239.83","","-16.82%"
"09/30/2022","288.33","288.33","288.33","288.33","","-16.70%"
"09/29/2022","346.12","346.12","346.12","346.12","","-0.48%"
"09/28/2022","347.78","347.78","347.78","347.78","","0.11%"
"09/27/2022","347.41","347.41","347.41","347.41","","0.59%"
"09/26/2022","345.36","345.36","345.36","345.36","","1.12%"
"09/23/2022","341.52","341.52","341.52","341.52","","-1.36%"
"09/22/2022","346.23","346.23","346.23","346.23","","0.36%"
"09/21/2022","344.98","344.98","344.98","344.98","","0.16%"
"09/20/2022","344.43","344.43","344.43","344.43","","0.39%"
"09/19/2022","343.10","343.10","343.10","343.10","","-2.84%"
"09/16/2022","353.12","353.12","353.12","353.12","","-5.49%"
"09/15/2022","373.65","373.65","373.65","373.65","","0.00%"
"09/14/2022","373.64","373.64","373.64","373.64","","2.99%"
"09/13/2022","362.79","362.79","362.79","362.79","","0.85%"
"09/12/2022","359.75","359.75","359.75","359.75","","-5.82%"
"09/09/2022","381.97","381.97","381.97","381.97","","-2.74%"
"09/08/2022","392.74","392.74","392.74","392.74","","-2.40%"
"09/07/2022","402.38","402.38","402.38","402.38","","-1.98%"
"09/06/2022","410.50","410.50","410.50","410.50","","-3.69%"
"09/02/2022","426.21","426.21","426.21","426.21","","-5.27%"
"09/01/2022","449.92","449.92","449.92","449.92","","-3.26%"
"08/31/2022","465.10","465.10","465.10","465.10","","-0.02%"
"08/30/2022","465.18","465.18","465.18","465.18","","0.65%"
"08/29/2022","462.17","462.17","462.17","462.17","","-0.63%"
"08/26/2022","465.08","465.08","465.08","465.08","","0.33%"
"08/25/2022","463.55","463.55","463.55","463.55","","1.55%"
"08/24/2022","456.49","456.49","456.49","456.49","","0.06%"
"08/23/2022","456.20","456.20","456.20","456.20","","-0.89%"
"08/22/2022","460.30","460.30","460.30","460.30","","3.18%"
"08/19/2022","446.11","446.11","446.11","446.11","","0.38%"
"08/18/2022","444.43","444.43","444.43","444.43","","0.89%"
"08/17/2022","440.49","440.49","440.49","440.49","","4.25%"
"08/16/2022","422.54","422.54","422.54","422.54","","5.94%"
"08/15/2022","398.85","398.85","398.85","398.85","","5.96%"
"08/12/2022","376.41","376.41","376.41","376.41","","-1.39%"
"08/11/2022","381.70","381.70","381.70","381.70","","3.44%"
"08/10/2022","369.01","369.01","369.01","369.01","","6.59%"
"08/09/2022","346.19","346.19","346.19","346.19","","-1.76%"
"08/08/2022","352.38","352.38","352.38","352.38","","-6.71%"
"08/05/2022","377.72","377.72","377.72","377.72","","-2.78%"
"08/04/2022","388.54","388.54","388.54","388.54","","-0.49%"
"08/03/2022","390.45","390.45","390.45","390.45","","-0.99%"
"08/02/2022","394.35","394.35","394.35","394.35","","4.68%"
"08/01/2022","376.71","376.71","376.71","376.71","","19.22%"
"07/29/2022","315.98","315.98","315.98","315.98","","0.39%"
"07/28/2022","314.76","314.76","314.76","314.76","","-0.29%"
"07/27/2022","315.68","315.68","315.68","315.68","","0.24%"
"07/26/2022","314.92","314.92","314.92","314.92","","3.42%"
"07/25/2022","304.52","304.52","304.52","304.52","","-0.20%"
"07/22/2022","305.13","305.13","305.13","305.13","","1.17%"
"07/21/2022","301.59","301.59","301.59","301.59","","-0.51%"
"07/20/2022","303.14","303.14","303.14","303.14","","-0.26%"
"07/19/2022","303.92","303.92","303.92","303.92","","0.03%"
"07/18/2022","303.82","303.82","303.82","303.82","","-2.20%"
"07/15/2022","310.67","310.67","310.67","310.67","","-2.75%"
"07/14/2022","319.44","319.44","319.44","319.44","","3.27%"
"07/13/2022","309.32","309.32","309.32","309.32","","1.90%"
"07/12/2022","303.54","303.54","303.54","303.54","","-4.60%"
"07/11/2022","318.17","318.17","318.17","318.17","","-2.87%"
"07/08/2022","327.57","327.57","327.57","327.57","","-6.98%"
"07/07/2022","352.16","352.16","352.16","352.16","","7.23%"
"07/06/2022","328.43","328.43","328.43","328.43","","8.80%"
"07/05/2022","301.87","301.87","301.87","301.87","","7.30%"
"07/01/2022","281.33","281.33","281.33","281.33","","-5.19%"
"06/30/2022","296.73","296.73","296.73","296.73","","36.10%"
"06/29/2022","218.03","218.03","218.03","218.03","","0.06%"
"06/28/2022","217.89","217.89","217.89","217.89","","-0.11%"
"06/27/2022","218.13","218.13","218.13","218.13","","0.61%"
"06/24/2022","216.80","216.80","216.80","216.80","","-0.52%"
"06/23/2022","217.93","217.93","217.93","217.93","","0.67%"
"06/22/2022","216.49","216.49","216.49","216.49","","1.73%"
"06/21/2022","212.81","212.81","212.81","212.81","","6.47%"
"06/17/2022","199.87","199.87","199.87","199.87","","-0.96%"
"06/16/2022","201.80","201.80","201.80","201.80","","6.08%"
"06/15/2022","190.24","190.24","190.24","190.24","","8.62%"
"06/14/2022","175.15","175.15","175.15","175.15","","4.14%"
"06/13/2022","168.19","168.19","168.19","168.19","","-0.04%"
"06/10/2022","168.25","168.25","168.25","168.25","","-1.11%"
"06/09/2022","170.13","170.13","170.13","170.13","","4.78%"
"06/08/2022","162.37","162.37","162.37","162.37","","-5.11%"
"06/07/2022","171.11","171.11","171.11","171.11","","-2.71%"
"06/06/2022","175.87","175.87","175.87","175.87","","-0.75%"
"06/03/2022","177.20","177.20","177.20","177.20","","-2.80%"
"06/02/2022","182.31","182.31","182.31","182.31","","-2.17%"
"06/01/2022","186.35","186.35","186.35","186.35","","-4.52%"
"05/31/2022","195.17","195.17","195.17","195.17","","10.80%"
"05/27/2022","176.14","176.14","176.14","176.14","","-0.37%"
"05/26/2022","176.79","176.79","176.79","176.79","","0.03%"
"05/25/2022","176.74","176.74","176.74","176.74","","0.10%"
"05/24/2022","176.57","176.57","176.57","176.57","","0.36%"
"05/23/2022","175.93","175.93","175.93","175.93","","-2.82%"
"05/20/2022","181.03","181.03","181.03","181.03","","-0.45%"
"05/19/2022","181.84","181.84","181.84","181.84","","-1.98%"
"05/18/2022","185.52","185.52","185.52","185.52","","-0.69%"
"05/17/2022","186.80","186.80","186.80","186.80","","0.77%"
"05/16/2022","185.37","185.37","185.37","185.37","","-1.27%"
"05/13/2022","187.75","187.75","187.75","187.75","","-2.87%"
"05/12/2022","193.30","193.30","193.30","193.30","","4.59%"
"05/11/2022","184.81","184.81","184.81","184.81","","-0.03%"
"05/10/2022","184.86","184.86","184.86","184.86","","-1.65%"
"05/09/2022","187.96","187.96","187.96","187.96","","-3.36%"
"05/06/2022","194.50","194.50","194.50","194.50","","-4.10%"
"05/05/2022","202.82","202.82","202.82","202.82","","1.23%"
"05/04/2022","200.35","200.35","200.35","200.35","","1.78%"
"05/03/2022","196.84","196.84","196.84","196.84","","2.37%"
"05/02/2022","192.29","192.29","192.29","192.29","","16.03%"
"04/29/2022","165.73","165.73","165.73","165.73","","0.14%"
"04/28/2022","165.50","165.50","165.50","165.50","","0.07%"
"04/27/2022","165.39","165.39","165.39","165.39","","0.49%"
"04/26/2022","164.58","164.58","164.58","164.58","","-0.24%"
"04/25/2022","164.97","164.97","164.97","164.97","","-0.52%"
"04/22/2022","165.83","165.83","165.83","165.83","","-0.57%"
"04/21/2022","166.78","166.78","166.78","166.78","","2.02%"
"04/20/2022","163.47","163.47","163.47","163.47","","0.34%"
"04/19/2022","162.91","162.91","162.91","162.91","","-5.21%"
"04/18/2022","171.86","171.86","171.86","171.86","","-0.96%"
"04/14/2022","173.53","173.53","173.53","173.53","","-1.18%"
"04/13/2022","175.60","175.60","175.60","175.60","","-0.98%"
"04/12/2022","177.34","177.34","177.34","177.34","","-0.56%"
"04/11/2022","178.33","178.33","178.33","178.33","","1.52%"
"04/08/2022","175.66","175.66","175.66","175.66","","-0.82%"
"04/07/2022","177.11","177.11","177.11","177.11","","-2.34%"
"04/06/2022","181.35","181.35","181.35","181.35","","-0.05%"
"04/05/2022","181.44","181.44","181.44","181.44","","-1.42%"
"04/04/2022","184.06","184.06","184.06","184.06","","-12.76%"
"04/01/2022","210.97","210.97","210.97","210.97","","-9.49%"
"03/31/2022","233.09","233.09","233.09","233.09","","-7.51%"
"03/30/2022","252.01","252.01","252.01","252.01","","-0.16%"
"03/29/2022","252.42","252.42","252.42","252.42","","-0.15%"
"03/28/2022","252.81","252.81","252.81","252.81","","0.17%"
"03/25/2022","252.38","252.38","252.38","252.38","","-1.49%"
"03/24/2022","256.19","256.19","256.19","256.19","","1.64%"
"03/23/2022","252.06","252.06","252.06","252.06","","1.62%"
"03/22/2022","248.03","248.03","248.03","248.03","","-0.18%"
"03/21/2022","248.47","248.47","248.47","248.47","","-0.04%"
"03/18/2022","248.57","248.57","248.57","248.57","","0.01%"
"03/17/2022","248.55","248.55","248.55","248.55","","-0.05%"
"03/16/2022","248.67","248.67","248.67","248.67","","-3.71%"
"03/15/2022","258.25","258.25","258.25","258.25","","0.85%"
"03/14/2022","256.07","256.07","256.07","256.07","","-6.72%"
"03/11/2022","274.53","274.53","274.53","274.53","","-6.80%"
"03/10/2022","294.56","294.56","294.56","294.56","","-7.57%"
"03/09/2022","318.68","318.68","318.68","318.68","","-17.68%"
"03/08/2022","387.10","387.10","387.10","387.10","","-6.09%"
"03/07/2022","412.19","412.19","412.19","412.19","","8.23%"
"03/04/2022","380.85","380.85","380.85","380.85","","22.12%"
"03/03/2022","311.87","311.87","311.87","311.87","","6.01%"
"03/02/2022","294.18","294.18","294.18","294.18","","28.52%"
"03/01/2022","228.89","228.89","228.89","228.89","","4.31%"
"02/28/2022","219.43","219.43","219.43","219.43","","72.06%"
"02/25/2022","127.53","127.53","127.53","127.53","","-2.41%"
"02/24/2022","130.68","130.68","130.68","130.68","","3.37%"
"02/23/2022","126.42","126.42","126.42","126.42","","0.29%"
"02/22/2022","126.06","126.06","126.06","126.06","","4.07%"
"02/18/2022","121.13","121.13","121.13","121.13","","-0.45%"
"02/17/2022","121.68","121.68","121.68","121.68","","0.98%"
"02/16/2022","120.50","120.50","120.50","120.50","","-2.99%"
"02/15/2022","124.22","124.22","124.22","124.22","","-1.00%"
"02/14/2022","125.48","125.48","125.48","125.48","","-3.58%"
"02/11/2022","130.14","130.14","130.14","130.14","","-4.72%"
"02/10/2022","136.58","136.58","136.58","136.58","","-1.95%"
"02/09/2022","139.29","139.29","139.29","139.29","","-0.99%"
"02/08/2022","140.68","140.68","140.68","140.68","","-2.27%"
"02/07/2022","143.95","143.95","143.95","143.95","","-11.55%"
"02/04/2022","162.74","162.74","162.74","162.74","","-0.32%"
"02/03/2022","163.27","163.27","163.27","163.27","","-5.31%"
"02/02/2022","172.43","172.43","172.43","172.43","","4.46%"
"02/01/2022","165.07","165.07","165.07","165.07","","-8.40%"
"01/31/2022","180.20","180.20","180.20","180.20","","7.20%"
"01/28/2022","168.10","168.10","168.10","168.10","","-0.38%"
"01/27/2022","168.74","168.74","168.74","168.74","","1.30%"
"01/26/2022","166.58","166.58","166.58","166.58","","-0.01%"
"01/25/2022","166.59","166.59","166.59","166.59","","-0.96%"
"01/24/2022","168.21","168.21","168.21","168.21","","-0.02%"
"01/21/2022","168.24","168.24","168.24","168.24","","1.47%"
"01/20/2022","165.81","165.81","165.81","165.81","","-3.68%"
"01/19/2022","172.15","172.15","172.15","172.15","","0.40%"
"01/18/2022","171.46","171.46","171.46","171.46","","-0.99%"
"01/14/2022","173.18","173.18","173.18","173.18","","1.25%"
"01/13/2022","171.04","171.04","171.04","171.04","","-0.30%"
"01/12/2022","171.55","171.55","171.55","171.55","","-3.28%"
"01/11/2022","177.36","177.36","177.36","177.36","","-3.30%"
"01/10/2022","183.42","183.42","183.42","183.42","","-4.70%"
"01/07/2022","192.46","192.46","192.46","192.46","","-1.69%"
"01/06/2022","195.76","195.76","195.76","195.76","","2.78%"
"01/05/2022","190.46","190.46","190.46","190.46","","-2.30%"
"01/04/2022","194.95","194.95","194.95","194.95","","3.73%"
"01/03/2022","187.94","187.94","187.94","187.94","","-15.13%"
"12/31/2021","221.44","221.44","221.44","221.44","","0.17%"
"12/30/2021","221.06","221.06","221.06","221.06","","-0.50%"
"12/29/2021","222.16","222.16","222.16","222.16","","-0.35%"
"12/28/2021","222.94","222.94","222.94","222.94","","-0.33%"
"12/27/2021","223.67","223.67","223.67","223.67","","-8.44%"
"12/23/2021","244.30","244.30","244.30","244.30","","-3.14%"
"12/22/2021","252.22","252.22","252.22","252.22","","-0.60%"
"12/21/2021","253.74","253.74","253.74","253.74","","6.52%"
"12/20/2021","238.20","238.20","238.20","238.20","","-3.85%"
"12/17/2021","247.75","247.75","247.75","247.75","","-5.83%"
"12/16/2021","263.08","263.08","263.08","263.08","","7.77%"
"12/15/2021","244.11","244.11","244.11","244.11","","1.30%"
"12/14/2021","240.98","240.98","240.98","240.98","","-0.47%"
"12/13/2021","242.12","242.12","242.12","242.12","","10.08%"
"12/10/2021","219.94","219.94","219.94","219.94","","-1.02%"
"12/09/2021","222.20","222.20","222.20","222.20","","-3.86%"
"12/08/2021","231.13","231.13","231.13","231.13","","9.42%"
"12/07/2021","211.24","211.24","211.24","211.24","","1.85%"
"12/06/2021","207.40","207.40","207.40","207.40","","-3.85%"
"12/03/2021","215.70","215.70","215.70","215.70","","1.08%"
"12/02/2021","213.40","213.40","213.40","213.40","","-2.08%"
"12/01/2021","217.93","217.93","217.93","217.93","","-2.27%"
"11/30/2021","223.00","223.00","223.00","223.00","","26.60%"
"11/29/2021","176.15","176.15","176.15","176.15","","-0.89%"
"11/26/2021","177.73","177.73","177.73","177.73","","-1.29%"
"11/24/2021","180.05","180.05","180.05","180.05","","3.52%"
"11/23/2021","173.92","173.92","173.92","173.92","","-0.89%"
"11/22/2021","175.49","175.49","175.49","175.49","","0.57%"
"11/19/2021","174.49","174.49","174.49","174.49","","-1.37%"
"11/18/2021","176.91","176.91","176.91","176.91","","-2.94%"
"11/17/2021","182.26","182.26","182.26","182.26","","6.10%"
"11/16/2021","171.78","171.78","171.78","171.78","","5.33%"
"11/15/2021","163.09","163.09","163.09","163.09","","5.04%"
"11/12/2021","155.26","155.26","155.26","155.26","","2.50%"
"11/11/2021","151.48","151.48","151.48","151.48","","2.16%"
"11/10/2021","148.27","148.27","148.27","148.27","","-2.64%"
"11/09/2021","152.29","152.29","152.29","152.29","","-0.48%"
"11/08/2021","153.03","153.03","153.03","153.03","","-3.95%"
"11/05/2021","159.32","159.32","159.32","159.32","","-0.19%"
"11/04/2021","159.62","159.62","159.62","159.62","","4.19%"
"11/03/2021","153.20","153.20","153.20","153.20","","-0.13%"
"11/02/2021","153.40","153.40","153.40","153.40","","1.59%"
"11/01/2021","151.00","151.00","151.00","151.00","","-0.17%"
"10/29/2021","151.25","151.25","151.25","151.25","","7.83%"
"10/28/2021","140.27","140.27","140.27","140.27","","-0.87%"
"10/27/2021","141.50","141.50","141.50","141.50","","-0.79%"
"10/26/2021","142.63","142.63","142.63","142.63","","-0.40%"
"10/25/2021","143.20","143.20","143.20","143.20","","-6.53%"
"10/22/2021","153.20","153.20","153.20","153.20","","5.04%"
"10/21/2021","145.85","145.85","145.85","145.85","","1.53%"
"10/20/2021","143.65","143.65","143.65","143.65","","3.69%"
"10/19/2021","138.54","138.54","138.54","138.54","","-0.76%"
"10/18/2021","139.60","139.60","139.60","139.60","","-8.80%"
"10/15/2021","153.07","153.07","153.07","153.07","","2.37%"
"10/14/2021","149.53","149.53","149.53","149.53","","-2.41%"
"10/13/2021","153.23","153.23","153.23","153.23","","4.52%"
"10/12/2021","146.60","146.60","146.60","146.60","","-1.00%"
"10/11/2021","148.08","148.08","148.08","148.08","","-8.66%"
"10/08/2021","162.12","162.12","162.12","162.12","","-8.00%"
"10/07/2021","176.22","176.22","176.22","176.22","","-13.29%"
"10/06/2021","203.22","203.22","203.22","203.22","","-1.58%"
"10/05/2021","206.49","206.49","206.49","206.49","","12.44%"
"10/04/2021","183.65","183.65","183.65","183.65","","4.41%"
"10/01/2021","175.89","175.89","175.89","175.89","","9.62%"
"09/30/2021","160.46","160.46","160.46","160.46","0.03K","25.00%"
"09/29/2021","128.37","128.37","128.37","128.37","","0.22%"
"09/28/2021","128.09","128.09","128.09","128.09","","-0.05%"
"09/27/2021","128.15","128.15","128.15","128.15","","-0.81%"
"09/24/2021","129.20","129.20","129.20","129.20","","-0.74%"
"09/23/2021","130.16","130.16","130.16","130.16","","0.54%"
"09/22/2021","129.46","129.46","129.46","129.46","","-1.14%"
"09/21/2021","130.95","130.95","130.95","130.95","","-0.72%"
"09/20/2021","131.90","131.90","131.90","131.90","","2.08%"
"09/17/2021","129.21","129.21","129.21","129.21","","-9.42%"
"09/16/2021","142.65","142.65","142.65","142.65","","-0.28%"
"09/15/2021","143.05","143.05","143.05","143.05","","5.85%"
"09/14/2021","135.15","135.15","135.15","135.15","","3.73%"
"09/13/2021","130.29","130.29","130.29","130.29","","5.63%"
"09/10/2021","123.34","123.34","123.34","123.34","","3.02%"
"09/09/2021","119.73","119.73","119.73","119.73","","1.98%"
"09/08/2021","117.40","117.40","117.40","117.40","","1.56%"
"09/07/2021","115.60","115.60","115.60","115.60","","5.89%"
"09/03/2021","109.17","109.17","109.17","109.17","","1.35%"
"09/02/2021","107.72","107.72","107.72","107.72","","5.56%"
"09/01/2021","102.05","102.05","102.05","102.05","","2.59%"
"08/31/2021","99.47","99.47","99.47","99.47","","20.28%"
"08/30/2021","82.70","82.70","82.70","82.70","","1.16%"
"08/27/2021","81.75","81.75","81.75","81.75","","0.55%"
"08/26/2021","81.30","81.30","81.30","81.30","","-0.50%"
"08/25/2021","81.71","81.71","81.71","81.71","","0.89%"
"08/24/2021","80.99","80.99","80.99","80.99","","0.52%"
"08/23/2021","80.57","80.57","80.57","80.57","","-1.20%"
"08/20/2021","81.55","81.55","81.55","81.55","","-0.17%"
"08/19/2021","81.69","81.69","81.69","81.69","","-2.70%"
"08/18/2021","83.96","83.96","83.96","83.96","","-0.10%"
"08/17/2021","84.04","84.04","84.04","84.04","","-0.54%"
"08/16/2021","84.50","84.50","84.50","84.50","","0.52%"
"08/13/2021","84.06","84.06","84.06","84.06","","-0.10%"
"08/12/2021","84.14","84.14","84.14","84.14","","-0.26%"
"08/11/2021","84.36","84.36","84.36","84.36","","0.54%"
"08/10/2021","83.91","83.91","83.91","83.91","","0.82%"
"08/09/2021","83.23","83.23","83.23","83.23","","-1.90%"
"08/06/2021","84.84","84.84","84.84","84.84","","1.63%"
"08/05/2021","83.48","83.48","83.48","83.48","","-1.16%"
"08/04/2021","84.46","84.46","84.46","84.46","","-0.42%"
"08/03/2021","84.82","84.82","84.82","84.82","","0.84%"
"08/02/2021","84.11","84.11","84.11","84.11","","3.37%"
"07/30/2021","81.37","81.37","81.37","81.37","","-0.63%"
"07/29/2021","81.89","81.89","81.89","81.89","","-0.90%"
"07/28/2021","82.63","82.63","82.63","82.63","","0.25%"
"07/27/2021","82.42","82.42","82.42","82.42","","0.34%"
"07/26/2021","82.14","82.14","82.14","82.14","","-2.35%"
"07/23/2021","84.12","84.12","84.12","84.12","","-0.32%"
"07/22/2021","84.39","84.39","84.39","84.39","","-0.62%"
"07/21/2021","84.92","84.92","84.92","84.92","","-0.27%"
"07/20/2021","85.15","85.15","85.15","85.15","","-1.58%"
"07/19/2021","86.52","86.52","86.52","86.52","","1.47%"
"07/16/2021","85.27","85.27","85.27","85.27","","0.89%"
"07/15/2021","84.52","84.52","84.52","84.52","","-0.65%"
"07/14/2021","85.07","85.07","85.07","85.07","","-0.11%"
"07/13/2021","85.16","85.16","85.16","85.16","","-0.88%"
"07/12/2021","85.92","85.92","85.92","85.92","","1.55%"
"07/09/2021","84.61","84.61","84.61","84.61","","0.04%"
"07/08/2021","84.58","84.58","84.58","84.58","","-1.81%"
"07/07/2021","86.14","86.14","86.14","86.14","","-0.53%"
"07/06/2021","86.60","86.60","86.60","86.60","","-2.10%"
"07/02/2021","88.46","88.46","88.46","88.46","","-0.44%"
"07/01/2021","88.85","88.85","88.85","88.85","","4.33%"
"06/30/2021","85.16","85.16","85.16","85.16","","14.96%"
"06/29/2021","74.08","74.08","74.08","74.08","","0.12%"
"06/28/2021","73.99","73.99","73.99","73.99","","-0.36%"
"06/25/2021","74.26","74.26","74.26","74.26","","0.35%"
"06/24/2021","74.00","74.00","74.00","74.00","","0.64%"
"06/23/2021","73.53","73.53","73.53","73.53","","0.41%"
"06/22/2021","73.23","73.23","73.23","73.23","","1.68%"
"06/21/2021","72.02","72.02","72.02","72.02","","1.72%"
"06/18/2021","70.80","70.80","70.80","70.80","","2.83%"
"06/17/2021","68.85","68.85","68.85","68.85","","-0.78%"
"06/16/2021","69.39","69.39","69.39","69.39","","1.08%"
"06/15/2021","68.65","68.65","68.65","68.65","","-1.32%"
"06/14/2021","69.57","69.57","69.57","69.57","","2.16%"
"06/11/2021","68.10","68.10","68.10","68.10","","-1.63%"
"06/10/2021","69.23","69.23","69.23","69.23","","1.63%"
"06/09/2021","68.12","68.12","68.12","68.12","","-0.19%"
"06/08/2021","68.25","68.25","68.25","68.25","","1.52%"
"06/07/2021","67.23","67.23","67.23","67.23","","4.10%"
"06/04/2021","64.58","64.58","64.58","64.58","","-0.57%"
"06/03/2021","64.95","64.95","64.95","64.95","","-0.15%"
"06/02/2021","65.05","65.05","65.05","65.05","","-1.35%"
"06/01/2021","65.94","65.94","65.94","65.94","","1.59%"
"05/28/2021","64.91","64.91","64.91","64.91","","20.16%"
"05/27/2021","54.02","54.02","54.02","54.02","","-0.68%"
"05/26/2021","54.39","54.39","54.39","54.39","","1.13%"
"05/25/2021","53.78","53.78","53.78","53.78","","0.79%"
"05/24/2021","53.36","53.36","53.36","53.36","","0.87%"
"05/21/2021","52.90","52.90","52.90","52.90","","0.46%"
"05/20/2021","52.66","52.66","52.66","52.66","","-1.03%"
"05/19/2021","53.21","53.21","53.21","53.21","","-6.29%"
"05/18/2021","56.78","56.78","56.78","56.78","","0.00%"
"05/17/2021","56.78","56.78","56.78","56.78","","-0.56%"
"05/14/2021","57.10","57.10","57.10","57.10","","-0.47%"
"05/13/2021","57.37","57.37","57.37","57.37","","0.23%"
"05/12/2021","57.24","57.24","57.24","57.24","","4.05%"
"05/11/2021","55.01","55.01","55.01","55.01","","-1.10%"
"05/10/2021","55.62","55.62","55.62","55.62","","1.02%"
"05/07/2021","55.06","55.06","55.06","55.06","","-1.54%"
"05/06/2021","55.92","55.92","55.92","55.92","","3.56%"
"05/05/2021","54.00","54.00","54.00","54.00","","1.93%"
"05/04/2021","52.98","52.98","52.98","52.98","","0.26%"
"05/03/2021","52.84","52.84","52.84","52.84","","-3.28%"
"04/30/2021","54.63","54.63","54.63","54.63","","1.90%"
"04/29/2021","53.61","53.61","53.61","53.61","","0.13%"
"04/28/2021","53.54","53.54","53.54","53.54","","-0.04%"
"04/27/2021","53.56","53.56","53.56","53.56","","0.24%"
"04/26/2021","53.43","53.43","53.43","53.43","","-1.84%"
"04/23/2021","54.43","54.43","54.43","54.43","","-0.07%"
"04/22/2021","54.47","54.47","54.47","54.47","","1.72%"
"04/21/2021","53.55","53.55","53.55","53.55","","0.39%"
"04/20/2021","53.34","53.34","53.34","53.34","","0.28%"
"04/19/2021","53.19","53.19","53.19","53.19","","0.06%"
"04/16/2021","53.16","53.16","53.16","53.16","","1.90%"
"04/15/2021","52.17","52.17","52.17","52.17","","2.35%"
"04/14/2021","50.97","50.97","50.97","50.97","","-0.45%"
"04/13/2021","51.20","51.20","51.20","51.20","","0.57%"
"04/12/2021","50.91","50.91","50.91","50.91","","3.75%"
"04/09/2021","49.07","49.07","49.07","49.07","","3.72%"
"04/08/2021","47.31","47.31","47.31","47.31","","0.40%"
"04/07/2021","47.12","47.12","47.12","47.12","","-0.70%"
"04/06/2021","47.45","47.45","47.45","47.45","","1.00%"
"04/05/2021","46.98","46.98","46.98","46.98","","0.00%"
"04/01/2021","46.98","46.98","46.98","46.98","","-0.45%"
"03/31/2021","47.19","47.19","47.19","47.19","","0.06%"
"03/30/2021","47.16","47.16","47.16","47.16","","-0.02%"
"03/29/2021","47.17","47.17","47.17","47.17","","-0.15%"
"03/26/2021","47.24","47.24","47.24","47.24","","0.45%"
"03/25/2021","47.03","47.03","47.03","47.03","","0.66%"
"03/24/2021","46.72","46.72","46.72","46.72","","-1.48%"
"03/23/2021","47.42","47.42","47.42","47.42","","0.87%"
"03/22/2021","47.01","47.01","47.01","47.01","","-0.55%"
"03/19/2021","47.27","47.27","47.27","47.27","","-1.38%"
"03/18/2021","47.93","47.93","47.93","47.93","","0.04%"
"03/17/2021","47.91","47.91","47.91","47.91","","3.23%"
"03/16/2021","46.41","46.41","46.41","46.41","","-1.00%"
"03/15/2021","46.88","46.88","46.88","46.88","","2.16%"
"03/12/2021","45.89","45.89","45.89","45.89","","1.03%"
"03/11/2021","45.42","45.42","45.42","45.42","","2.16%"
"03/10/2021","44.46","44.46","44.46","44.46","","3.40%"
"03/09/2021","43.00","43.00","43.00","43.00","","2.45%"
"03/08/2021","41.97","41.97","41.97","41.97","","-2.28%"
"03/05/2021","42.95","42.95","42.95","42.95","","2.09%"
"03/04/2021","42.07","42.07","42.07","42.07","","-0.02%"
"03/03/2021","42.08","42.08","42.08","42.08","","-0.87%"
"03/02/2021","42.45","42.45","42.45","42.45","","0.38%"
"03/01/2021","42.29","42.29","42.29","42.29","","-13.25%"
"02/26/2021","48.75","48.75","48.75","48.75","","0.16%"
"02/25/2021","48.67","48.67","48.67","48.67","","-0.39%"
"02/24/2021","48.86","48.86","48.86","48.86","","0.76%"
"02/23/2021","48.49","48.49","48.49","48.49","","0.08%"
"02/22/2021","48.45","48.45","48.45","48.45","","-1.64%"
"02/19/2021","49.26","49.26","49.26","49.26","","-0.38%"
"02/18/2021","49.45","49.45","49.45","49.45","","1.23%"
"02/17/2021","48.85","48.85","48.85","48.85","","-0.57%"
"02/16/2021","49.13","49.13","49.13","49.13","","-7.63%"
"02/12/2021","53.19","53.19","53.19","53.19","","-1.19%"
"02/11/2021","53.83","53.83","53.83","53.83","","-1.79%"
"02/10/2021","54.81","54.81","54.81","54.81","","-1.26%"
"02/09/2021","55.51","55.51","55.51","55.51","","-0.27%"
"02/08/2021","55.66","55.66","55.66","55.66","","7.97%"
"02/05/2021","51.55","51.55","51.55","51.55","","4.82%"
"02/04/2021","49.18","49.18","49.18","49.18","","1.89%"
"02/03/2021","48.27","48.27","48.27","48.27","","-1.77%"
"02/02/2021","49.14","49.14","49.14","49.14","","0.06%"
"02/01/2021","49.11","49.11","49.11","49.11","","-6.81%"
"01/28/2021","52.70","52.70","52.70","52.70","","0.17%"
"01/27/2021","52.61","52.61","52.61","52.61","","-0.21%"
"01/26/2021","52.72","52.72","52.72","52.72","","0.08%"
"01/25/2021","52.68","52.68","52.68","52.68","","0.23%"
"01/22/2021","52.56","52.56","52.56","52.56","","1.21%"
"01/21/2021","51.93","51.93","51.93","51.93","","1.68%"
"01/20/2021","51.07","51.07","51.07","51.07","","1.15%"
"01/19/2021","50.49","50.49","50.49","50.49","","-2.32%"
"01/15/2021","51.69","51.69","51.69","51.69","","-4.26%"
"01/14/2021","53.99","53.99","53.99","53.99","","-2.17%"
"01/13/2021","55.19","55.19","55.19","55.19","","-6.82%"
"01/12/2021","59.23","59.23","59.23","59.23","","4.68%"
"01/11/2021","56.58","56.58","56.58","56.58","","2.07%"
"01/08/2021","55.43","55.43","55.43","55.43","","4.82%"
"01/07/2021","52.88","52.88","52.88","52.88","","5.91%"
"01/06/2021","49.93","49.93","49.93","49.93","","1.18%"
"01/05/2021","49.35","49.35","49.35","49.35","","-6.85%"
"01/04/2021","52.98","52.98","52.98","52.98","","-3.02%"
"12/31/2020","54.63","54.63","54.63","54.63","","25.53%"
"12/30/2020","43.52","43.52","43.52","43.52","","0.28%"
"12/29/2020","43.40","43.40","43.40","43.40","","0.74%"
"12/28/2020","43.08","43.08","43.08","43.08","","-1.26%"
"12/24/2020","43.63","43.63","43.63","43.63","","0.00%"
"12/23/2020","43.63","43.63","43.63","43.63","","0.55%"
"12/22/2020","43.39","43.39","43.39","43.39","","-0.44%"
"12/21/2020","43.58","43.58","43.58","43.58","","1.47%"
"12/18/2020","42.95","42.95","42.95","42.95","","-3.24%"
"12/17/2020","44.39","44.39","44.39","44.39","","-3.58%"
"12/16/2020","46.04","46.04","46.04","46.04","","0.94%"
"12/15/2020","45.61","45.61","45.61","45.61","","2.10%"
"12/14/2020","44.67","44.67","44.67","44.67","","3.21%"
"12/11/2020","43.28","43.28","43.28","43.28","","-2.41%"
"12/10/2020","44.35","44.35","44.35","44.35","","1.19%"
"12/09/2020","43.83","43.83","43.83","43.83","","-2.06%"
"12/08/2020","44.75","44.75","44.75","44.75","","-4.13%"
"12/07/2020","46.68","46.68","46.68","46.68","","-6.47%"
"12/04/2020","49.91","49.91","49.91","49.91","","13.92%"
"12/03/2020","43.81","43.81","43.81","43.81","","2.05%"
"12/02/2020","42.93","42.93","42.93","42.93","","-3.05%"
"12/01/2020","44.28","44.28","44.28","44.28","","-1.36%"
"11/30/2020","44.89","44.89","44.89","44.89","","15.49%"
"11/27/2020","38.87","38.87","38.87","38.87","","1.07%"
"11/25/2020","38.46","38.46","38.46","38.46","","0.92%"
"11/24/2020","38.11","38.11","38.11","38.11","","0.37%"
"11/23/2020","37.97","37.97","37.97","37.97","","8.55%"
"11/20/2020","34.98","34.98","34.98","34.98","","0.23%"
"11/19/2020","34.90","34.90","34.90","34.90","","0.06%"
"11/18/2020","34.88","34.88","34.88","34.88","","-1.27%"
"11/17/2020","35.33","35.33","35.33","35.33","","-0.70%"
"11/16/2020","35.58","35.58","35.58","35.58","","5.45%"
"11/13/2020","33.74","33.74","33.74","33.74","","1.23%"
"11/12/2020","33.33","33.33","33.33","33.33","","-0.74%"
"11/11/2020","33.58","33.58","33.58","33.58","","-3.97%"
"11/10/2020","34.97","34.97","34.97","34.97","","-1.58%"
"11/09/2020","35.53","35.53","35.53","35.53","","-1.91%"
"11/06/2020","36.22","36.22","36.22","36.22","","1.51%"
"11/05/2020","35.68","35.68","35.68","35.68","","0.71%"
"11/04/2020","35.43","35.43","35.43","35.43","","0.23%"
"11/03/2020","35.35","35.35","35.35","35.35","","-0.28%"
"11/02/2020","35.45","35.45","35.45","35.45","","4.36%"
"10/30/2020","33.97","33.97","33.97","33.97","","0.71%"
"10/29/2020","33.73","33.73","33.73","33.73","","-0.59%"
"10/28/2020","33.93","33.93","33.93","33.93","","-0.62%"
"10/27/2020","34.14","34.14","34.14","34.14","","-0.03%"
"10/26/2020","34.15","34.15","34.15","34.15","","-0.50%"
"10/23/2020","34.32","34.32","34.32","34.32","","-0.67%"
"10/22/2020","34.55","34.55","34.55","34.55","","0.82%"
"10/21/2020","34.27","34.27","34.27","34.27","","-1.61%"
"10/20/2020","34.83","34.83","34.83","34.83","","-0.17%"
"10/19/2020","34.89","34.89","34.89","34.89","","1.13%"
"10/16/2020","34.50","34.50","34.50","34.50","","-0.66%"
"10/15/2020","34.73","34.73","34.73","34.73","","-2.39%"
"10/14/2020","35.58","35.58","35.58","35.58","","-0.14%"
"10/13/2020","35.63","35.63","35.63","35.63","","0.88%"
"10/12/2020","35.32","35.32","35.32","35.32","","-3.68%"
"10/09/2020","36.67","36.67","36.67","36.67","","0.33%"
"10/08/2020","36.55","36.55","36.55","36.55","","-0.84%"
"10/07/2020","36.86","36.86","36.86","36.86","","-0.51%"
"10/06/2020","37.05","37.05","37.05","37.05","","-2.32%"
"10/05/2020","37.93","37.93","37.93","37.93","","2.07%"
"10/02/2020","37.16","37.16","37.16","37.16","","0.22%"
"10/01/2020","37.08","37.08","37.08","37.08","","-0.94%"
"09/30/2020","37.43","37.43","37.43","37.43","","-14.33%"
"09/29/2020","43.69","43.69","43.69","43.69","","0.16%"
"09/28/2020","43.62","43.62","43.62","43.62","","-0.02%"
"09/25/2020","43.63","43.63","43.63","43.63","","0.76%"
"09/24/2020","43.30","43.30","43.30","43.30","","1.33%"
"09/23/2020","42.73","42.73","42.73","42.73","","2.10%"
"09/22/2020","41.85","41.85","41.85","41.85","","-1.30%"
"09/21/2020","42.40","42.40","42.40","42.40","","2.66%"
"09/18/2020","41.30","41.30","41.30","41.30","","-0.70%"
"09/17/2020","41.59","41.59","41.59","41.59","","-0.95%"
"09/16/2020","41.99","41.99","41.99","41.99","","-1.59%"
"09/15/2020","42.67","42.67","42.67","42.67","","0.23%"
"09/14/2020","42.57","42.57","42.57","42.57","","5.11%"
"09/11/2020","40.50","40.50","40.50","40.50","","0.00%"
"09/10/2020","40.50","40.50","40.50","40.50","","2.56%"
"09/09/2020","39.49","39.49","39.49","39.49","","-2.49%"
"09/08/2020","40.50","40.50","40.50","40.50","","1.89%"
"09/04/2020","39.75","39.75","39.75","39.75","","1.69%"
"09/03/2020","39.09","39.09","39.09","39.09","","0.54%"
"09/02/2020","38.88","38.88","38.88","38.88","","-0.18%"
"09/01/2020","38.95","38.95","38.95","38.95","","-3.57%"
"08/31/2020","40.39","40.39","40.39","40.39","","16.43%"
"08/28/2020","34.69","34.69","34.69","34.69","","0.29%"
"08/27/2020","34.59","34.59","34.59","34.59","","0.26%"
"08/26/2020","34.50","34.50","34.50","34.50","","1.92%"
"08/25/2020","33.85","33.85","33.85","33.85","","2.23%"
"08/24/2020","33.11","33.11","33.11","33.11","","1.60%"
"08/21/2020","32.59","32.59","32.59","32.59","","-1.18%"
"08/20/2020","32.98","32.98","32.98","32.98","","-0.54%"
"08/19/2020","33.16","33.16","33.16","33.16","","-1.43%"
"08/18/2020","33.64","33.64","33.64","33.64","","0.06%"
"08/17/2020","33.62","33.62","33.62","33.62","","5.36%"
"08/14/2020","31.91","31.91","31.91","31.91","","-0.75%"
"08/13/2020","32.15","32.15","32.15","32.15","","3.18%"
"08/12/2020","31.16","31.16","31.16","31.16","","-5.52%"
"08/11/2020","32.98","32.98","32.98","32.98","","-0.66%"
"08/10/2020","33.20","33.20","33.20","33.20","","-2.01%"
"08/07/2020","33.88","33.88","33.88","33.88","","-0.35%"
"08/06/2020","34.00","34.00","34.00","34.00","","1.40%"
"08/05/2020","33.53","33.53","33.53","33.53","","-1.58%"
"08/04/2020","34.07","34.07","34.07","34.07","","-1.30%"
"08/03/2020","34.52","34.52","34.52","34.52","","2.95%"
"07/31/2020","33.53","33.53","33.53","33.53","","11.54%"
"07/30/2020","30.06","30.06","30.06","30.06","","0.13%"
"07/29/2020","30.02","30.02","30.02","30.02","","0.54%"
"07/28/2020","29.86","29.86","29.86","29.86","","0.20%"
"07/27/2020","29.80","29.80","29.80","29.80","","-2.39%"
"07/24/2020","30.53","30.53","30.53","30.53","","-0.42%"
"07/23/2020","30.66","30.66","30.66","30.66","","2.06%"
"07/22/2020","30.04","30.04","30.04","30.04","","-1.02%"
"07/21/2020","30.35","30.35","30.35","30.35","","0.36%"
"07/20/2020","30.24","30.24","30.24","30.24","","-1.47%"
"07/17/2020","30.69","30.69","30.69","30.69","","-0.42%"
"07/16/2020","30.82","30.82","30.82","30.82","","-0.42%"
"07/15/2020","30.95","30.95","30.95","30.95","","-1.24%"
"07/14/2020","31.34","31.34","31.34","31.34","","-2.61%"
"07/13/2020","32.18","32.18","32.18","32.18","","3.97%"
"07/10/2020","30.95","30.95","30.95","30.95","","-3.10%"
"07/09/2020","31.94","31.94","31.94","31.94","","-1.08%"
"07/08/2020","32.29","32.29","32.29","32.29","","-1.58%"
"07/07/2020","32.81","32.81","32.81","32.81","","5.33%"
"07/06/2020","31.15","31.15","31.15","31.15","","2.30%"
"07/02/2020","30.45","30.45","30.45","30.45","","0.63%"
"07/01/2020","30.26","30.26","30.26","30.26","","-5.73%"
"06/30/2020","32.10","32.10","32.10","32.10","","22.71%"
"06/29/2020","26.16","26.16","26.16","26.16","","-1.32%"
"06/26/2020","26.51","26.51","26.51","26.51","","-0.97%"
"06/25/2020","26.77","26.77","26.77","26.77","","-0.45%"
"06/24/2020","26.89","26.89","26.89","26.89","","-0.99%"
"06/23/2020","27.16","27.16","27.16","27.16","","1.27%"
"06/22/2020","26.82","26.82","26.82","26.82","","2.13%"
"06/19/2020","26.26","26.26","26.26","26.26","","1.12%"
"06/18/2020","25.97","25.97","25.97","25.97","","1.72%"
"06/17/2020","25.53","25.53","25.53","25.53","","-3.33%"
"06/16/2020","26.41","26.41","26.41","26.41","","3.00%"
"06/15/2020","25.64","25.64","25.64","25.64","","-0.35%"
"06/12/2020","25.73","25.73","25.73","25.73","","0.43%"
"06/11/2020","25.62","25.62","25.62","25.62","","-1.04%"
"06/10/2020","25.89","25.89","25.89","25.89","","-0.99%"
"06/09/2020","26.15","26.15","26.15","26.15","","-4.56%"
"06/08/2020","27.40","27.40","27.40","27.40","","3.67%"
"06/05/2020","26.43","26.43","26.43","26.43","","8.01%"
"06/04/2020","24.47","24.47","24.47","24.47","","0.99%"
"06/03/2020","24.23","24.23","24.23","24.23","","9.14%"
"06/02/2020","22.20","22.20","22.20","22.20","","8.77%"
"06/01/2020","20.41","20.41","20.41","20.41","","15.12%"
"05/28/2020","17.73","17.73","17.73","17.73","","0.28%"
"05/27/2020","17.68","17.68","17.68","17.68","","-1.23%"
"05/26/2020","17.90","17.90","17.90","17.90","","-4.02%"
"05/22/2020","18.65","18.65","18.65","18.65","","1.08%"
"05/21/2020","18.45","18.45","18.45","18.45","","-0.70%"
"05/20/2020","18.58","18.58","18.58","18.58","","-5.45%"
"05/19/2020","19.65","19.65","19.65","19.65","","0.46%"
"05/18/2020","19.56","19.56","19.56","19.56","","-0.05%"
"05/15/2020","19.57","19.57","19.57","19.57","","0.20%"
"05/14/2020","19.53","19.53","19.53","19.53","","2.47%"
"05/13/2020","19.06","19.06","19.06","19.06","","-4.60%"
"05/12/2020","19.98","19.98","19.98","19.98","","0.20%"
"05/11/2020","19.94","19.94","19.94","19.94","","7.15%"
"05/08/2020","18.61","18.61","18.61","18.61","","-2.05%"
"05/07/2020","19.00","19.00","19.00","19.00","","-0.11%"
"05/06/2020","19.02","19.02","19.02","19.02","","-2.06%"
"05/05/2020","19.42","19.42","19.42","19.42","","1.25%"
"05/04/2020","19.18","19.18","19.18","19.18","","-4.20%"
"05/01/2020","20.02","20.02","20.02","20.02","","-0.55%"
"04/30/2020","20.13","20.13","20.13","20.13","","17.79%"
"04/29/2020","17.09","17.09","17.09","17.09","","0.35%"
"04/28/2020","17.03","17.03","17.03","17.03","","-0.87%"
"04/27/2020","17.18","17.18","17.18","17.18","","-2.66%"
"04/24/2020","17.65","17.65","17.65","17.65","","-1.18%"
"04/23/2020","17.86","17.86","17.86","17.86","","6.06%"
"04/22/2020","16.84","16.84","16.84","16.84","","2.00%"
"04/21/2020","16.51","16.51","16.51","16.51","","-0.30%"
"04/20/2020","16.56","16.56","16.56","16.56","","-9.16%"
"04/17/2020","18.23","18.23","18.23","18.23","","5.80%"
"04/16/2020","17.23","17.23","17.23","17.23","","-0.52%"
"04/15/2020","17.32","17.32","17.32","17.32","","-6.23%"
"04/14/2020","18.47","18.47","18.47","18.47","","-8.47%"
"04/13/2020","20.18","20.18","20.18","20.18","","0.00%"
"04/09/2020","20.18","20.18","20.18","20.18","","11.18%"
"04/08/2020","18.15","18.15","18.15","18.15","","-6.78%"
"04/07/2020","19.47","19.47","19.47","19.47","","7.99%"
"04/06/2020","18.03","18.03","18.03","18.03","","12.90%"
"04/03/2020","15.97","15.97","15.97","15.97","","-1.11%"
"04/02/2020","16.15","16.15","16.15","16.15","","4.06%"
"04/01/2020","15.52","15.52","15.52","15.52","","-11.36%"
"03/31/2020","17.51","17.51","17.51","17.51","","-22.14%"
"03/30/2020","22.49","22.49","22.49","22.49","","1.12%"
"03/27/2020","22.24","22.24","22.24","22.24","","0.04%"
"03/26/2020","22.23","22.23","22.23","22.23","","-0.76%"
"03/25/2020","22.40","22.40","22.40","22.40","","0.13%"
"03/24/2020","22.37","22.37","22.37","22.37","","1.36%"
"03/23/2020","22.07","22.07","22.07","22.07","","-5.03%"
"03/20/2020","23.24","23.24","23.24","23.24","","-0.77%"
"03/19/2020","23.42","23.42","23.42","23.42","","-1.84%"
"03/18/2020","23.86","23.86","23.86","23.86","","-1.69%"
"03/17/2020","24.27","24.27","24.27","24.27","","-2.29%"
"03/16/2020","24.84","24.84","24.84","24.84","","-11.73%"
"03/13/2020","28.14","28.14","28.14","28.14","","-1.85%"
"03/12/2020","28.67","28.67","28.67","28.67","","-0.52%"
"03/11/2020","28.82","28.82","28.82","28.82","","-2.54%"
"03/10/2020","29.57","29.57","29.57","29.57","","0.44%"
"03/09/2020","29.44","29.44","29.44","29.44","","4.92%"
"03/06/2020","28.06","28.06","28.06","28.06","","0.79%"
"03/05/2020","27.84","27.84","27.84","27.84","","1.05%"
"03/04/2020","27.55","27.55","27.55","27.55","","-3.81%"
"03/03/2020","28.64","28.64","28.64","28.64","","-2.42%"
"03/02/2020","29.35","29.35","29.35","29.35","","33.90%"
"02/28/2020","21.92","21.92","21.92","21.92","","-0.41%"
"02/27/2020","22.01","22.01","22.01","22.01","","-0.54%"
"02/26/2020","22.13","22.13","22.13","22.13","","0.82%"
"02/25/2020","21.95","21.95","21.95","21.95","","-0.41%"
"02/24/2020","22.04","22.04","22.04","22.04","","3.23%"
"02/21/2020","21.35","21.35","21.35","21.35","","-0.09%"
"02/20/2020","21.37","21.37","21.37","21.37","","-1.93%"
"02/19/2020","21.79","21.79","21.79","21.79","","0.97%"
"02/18/2020","21.58","21.58","21.58","21.58","","-5.14%"
"02/14/2020","22.75","22.75","22.75","22.75","","-5.68%"
"02/13/2020","24.12","24.12","24.12","24.12","","0.42%"
"02/12/2020","24.02","24.02","24.02","24.02","","1.52%"
"02/11/2020","23.66","23.66","23.66","23.66","","3.91%"
"02/10/2020","22.77","22.77","22.77","22.77","","-15.10%"
"02/07/2020","26.82","26.82","26.82","26.82","","-2.69%"
"02/06/2020","27.56","27.56","27.56","27.56","","-0.65%"
"02/05/2020","27.74","27.74","27.74","27.74","","-1.32%"
"02/04/2020","28.11","28.11","28.11","28.11","","-2.33%"
"02/03/2020","28.78","28.78","28.78","28.78","","-7.16%"
"01/31/2020","31.00","31.00","31.00","31.00","","-11.20%"
"01/30/2020","34.91","34.91","34.91","34.91","","-0.34%"
"01/29/2020","35.03","35.03","35.03","35.03","","-0.31%"
"01/28/2020","35.14","35.14","35.14","35.14","","0.72%"
"01/27/2020","34.89","34.89","34.89","34.89","","-0.09%"
"01/24/2020","34.92","34.92","34.92","34.92","","1.36%"
"01/23/2020","34.45","34.45","34.45","34.45","","1.32%"
"01/22/2020","34.00","34.00","34.00","34.00","","0.92%"
"01/21/2020","33.69","33.69","33.69","33.69","","3.34%"
"01/17/2020","32.60","32.60","32.60","32.60","","-0.03%"
"01/16/2020","32.61","32.61","32.61","32.61","","-0.79%"
"01/15/2020","32.87","32.87","32.87","32.87","","-0.78%"
"01/14/2020","33.13","33.13","33.13","33.13","","-3.35%"
"01/13/2020","34.28","34.28","34.28","34.28","","-0.58%"
"01/10/2020","34.48","34.48","34.48","34.48","","-1.09%"
"01/09/2020","34.86","34.86","34.86","34.86","","0.49%"
"01/08/2020","34.69","34.69","34.69","34.69","","-2.45%"
"01/07/2020","35.56","35.56","35.56","35.56","","-1.77%"
"01/06/2020","36.20","36.20","36.20","36.20","","-2.92%"
"01/03/2020","37.29","37.29","37.29","37.29","","4.25%"
"01/02/2020","35.77","35.77","35.77","35.77","","-1.87%"
"12/31/2019","36.45","36.45","36.45","36.45","","9.16%"
"12/30/2019","33.39","33.39","33.39","33.39","","0.45%"
"12/27/2019","33.24","33.24","33.24","33.24","","-0.36%"
"12/26/2019","33.36","33.36","33.36","33.36","","0.00%"
"12/24/2019","33.36","33.36","33.36","33.36","","-0.18%"
"12/23/2019","33.42","33.42","33.42","33.42","","2.08%"
"12/20/2019","32.74","32.74","32.74","32.74","","-2.12%"
"12/19/2019","33.45","33.45","33.45","33.45","","-0.18%"
"12/18/2019","33.51","33.51","33.51","33.51","","2.73%"
"12/17/2019","32.62","32.62","32.62","32.62","","4.32%"
"12/16/2019","31.27","31.27","31.27","31.27","","-1.08%"
"12/13/2019","31.61","31.61","31.61","31.61","","3.10%"
"12/12/2019","30.66","30.66","30.66","30.66","","-1.35%"
"12/11/2019","31.08","31.08","31.08","31.08","","-1.80%"
"12/10/2019","31.65","31.65","31.65","31.65","","3.84%"
"12/09/2019","30.48","30.48","30.48","30.48","","-6.82%"
"12/06/2019","32.71","32.71","32.71","32.71","","-1.15%"
"12/05/2019","33.09","33.09","33.09","33.09","","-4.91%"
"12/04/2019","34.80","34.80","34.80","34.80","","-3.87%"
"12/03/2019","36.20","36.20","36.20","36.20","","0.00%"
"12/02/2019","36.20","36.20","36.20","36.20","","-11.71%"
"11/29/2019","41.00","41.00","41.00","41.00","","0.29%"
"11/27/2019","40.88","40.88","40.88","40.88","","0.07%"
"11/26/2019","40.85","40.85","40.85","40.85","","0.12%"
"11/25/2019","40.80","40.80","40.80","40.80","","0.22%"
"11/22/2019","40.71","40.71","40.71","40.71","","0.44%"
"11/21/2019","40.53","40.53","40.53","40.53","","0.12%"
"11/20/2019","40.48","40.48","40.48","40.48","","-0.37%"
"11/19/2019","40.63","40.63","40.63","40.63","","0.22%"
"11/18/2019","40.54","40.54","40.54","40.54","","-1.34%"
"11/15/2019","41.09","41.09","41.09","41.09","","-0.77%"
"11/14/2019","41.41","41.41","41.41","41.41","","-0.48%"
"11/13/2019","41.61","41.61","41.61","41.61","","-1.77%"
"11/12/2019","42.36","42.36","42.36","42.36","","-1.88%"
"11/11/2019","43.17","43.17","43.17","43.17","","4.91%"
"11/08/2019","41.15","41.15","41.15","41.15","","0.54%"
"11/07/2019","40.93","40.93","40.93","40.93","","-1.18%"
"11/06/2019","41.42","41.42","41.42","41.42","","-2.06%"
"11/05/2019","42.29","42.29","42.29","42.29","","2.45%"
"11/04/2019","41.28","41.28","41.28","41.28","","-1.67%"
"11/01/2019","41.98","41.98","41.98","41.98","","0.79%"
"10/31/2019","41.65","41.65","41.65","41.65","","12.75%"
"10/30/2019","36.94","36.94","36.94","36.94","","-0.05%"
"10/29/2019","36.96","36.96","36.96","36.96","","0.00%"
"10/28/2019","36.96","36.96","36.96","36.96","","-0.32%"
"10/25/2019","37.08","37.08","37.08","37.08","","-0.72%"
"10/24/2019","37.35","37.35","37.35","37.35","","0.62%"
"10/23/2019","37.12","37.12","37.12","37.12","","-0.16%"
"10/22/2019","37.18","37.18","37.18","37.18","","-0.32%"
"10/21/2019","37.30","37.30","37.30","37.30","","0.03%"
"10/18/2019","37.29","37.29","37.29","37.29","","-1.01%"
"10/17/2019","37.67","37.67","37.67","37.67","","-1.44%"
"10/16/2019","38.22","38.22","38.22","38.22","","0.45%"
"10/15/2019","38.05","38.05","38.05","38.05","","1.71%"
"10/14/2019","37.41","37.41","37.41","37.41","","0.67%"
"10/11/2019","37.16","37.16","37.16","37.16","","0.27%"
"10/10/2019","37.06","37.06","37.06","37.06","","-0.38%"
"10/09/2019","37.20","37.20","37.20","37.20","","0.11%"
"10/08/2019","37.16","37.16","37.16","37.16","","-2.49%"
"10/07/2019","38.11","38.11","38.11","38.11","","-4.63%"
"10/04/2019","39.96","39.96","39.96","39.96","","1.29%"
"10/03/2019","39.45","39.45","39.45","39.45","","-2.16%"
"10/02/2019","40.32","40.32","40.32","40.32","","-1.49%"
"10/01/2019","40.93","40.93","40.93","40.93","","0.81%"
"09/30/2019","40.60","40.60","40.60","40.60","","13.69%"
"09/27/2019","35.71","35.71","35.71","35.71","","1.16%"
"09/26/2019","35.30","35.30","35.30","35.30","","-0.51%"
"09/25/2019","35.48","35.48","35.48","35.48","","-1.36%"
"09/24/2019","35.97","35.97","35.97","35.97","","-1.15%"
"09/23/2019","36.39","36.39","36.39","36.39","","-0.25%"
"09/20/2019","36.48","36.48","36.48","36.48","","-0.55%"
"09/19/2019","36.68","36.68","36.68","36.68","","0.33%"
"09/18/2019","36.56","36.56","36.56","36.56","","-2.25%"
"09/17/2019","37.40","37.40","37.40","37.40","","-1.50%"
"09/16/2019","37.97","37.97","37.97","37.97","","3.40%"
"09/13/2019","36.72","36.72","36.72","36.72","","-0.73%"
"09/12/2019","36.99","36.99","36.99","36.99","","-2.19%"
"09/11/2019","37.82","37.82","37.82","37.82","","1.48%"
"09/10/2019","37.27","37.27","37.27","37.27","","1.28%"
"09/09/2019","36.80","36.80","36.80","36.80","","1.74%"
"09/06/2019","36.17","36.17","36.17","36.17","","1.06%"
"09/05/2019","35.79","35.79","35.79","35.79","","-0.11%"
"09/04/2019","35.83","35.83","35.83","35.83","","1.85%"
"09/03/2019","35.18","35.18","35.18","35.18","","-4.53%"
"08/30/2019","36.85","36.85","36.85","36.85","","-0.16%"
"08/29/2019","36.91","36.91","36.91","36.91","","0.14%"
"08/28/2019","36.86","36.86","36.86","36.86","","-0.22%"
"08/27/2019","36.94","36.94","36.94","36.94","","0.76%"
"08/26/2019","36.66","36.66","36.66","36.66","","1.61%"
"08/23/2019","36.08","36.08","36.08","36.08","","-0.77%"
"08/22/2019","36.36","36.36","36.36","36.36","","0.33%"
"08/21/2019","36.24","36.24","36.24","36.24","","-0.03%"
"08/20/2019","36.25","36.25","36.25","36.25","","0.97%"
"08/19/2019","35.90","35.90","35.90","35.90","","-0.69%"
"08/16/2019","36.15","36.15","36.15","36.15","","-0.36%"
"08/15/2019","36.28","36.28","36.28","36.28","","-0.03%"
"08/14/2019","36.29","36.29","36.29","36.29","","-0.11%"
"08/13/2019","36.33","36.33","36.33","36.33","","-1.20%"
"08/12/2019","36.77","36.77","36.77","36.77","","3.32%"
"08/09/2019","35.59","35.59","35.59","35.59","","0.79%"
"08/08/2019","35.31","35.31","35.31","35.31","","0.20%"
"08/07/2019","35.24","35.24","35.24","35.24","","-2.52%"
"08/06/2019","36.15","36.15","36.15","36.15","","-3.47%"
"08/05/2019","37.45","37.45","37.45","37.45","","-5.57%"
"08/02/2019","39.66","39.66","39.66","39.66","","-0.18%"
"08/01/2019","39.73","39.73","39.73","39.73","","0.28%"
"07/31/2019","39.62","39.62","39.62","39.62","","-0.18%"
"07/30/2019","39.69","39.69","39.69","39.69","","0.53%"
"07/29/2019","39.48","39.48","39.48","39.48","","-0.30%"
"07/26/2019","39.60","39.60","39.60","39.60","","-0.15%"
"07/25/2019","39.66","39.66","39.66","39.66","","0.69%"
"07/24/2019","39.39","39.39","39.39","39.39","","-0.10%"
"07/23/2019","39.43","39.43","39.43","39.43","","-0.23%"
"07/22/2019","39.52","39.52","39.52","39.52","","-0.60%"
"07/19/2019","39.76","39.76","39.76","39.76","","0.13%"
"07/18/2019","39.71","39.71","39.71","39.71","","-2.53%"
"07/17/2019","40.74","40.74","40.74","40.74","","0.32%"
"07/16/2019","40.61","40.61","40.61","40.61","","-1.84%"
"07/15/2019","41.37","41.37","41.37","41.37","","5.46%"
"07/12/2019","39.23","39.23","39.23","39.23","","-0.28%"
"07/11/2019","39.34","39.34","39.34","39.34","","1.97%"
"07/10/2019","38.58","38.58","38.58","38.58","","0.34%"
"07/09/2019","38.45","38.45","38.45","38.45","","1.21%"
"07/08/2019","37.99","37.99","37.99","37.99","","2.84%"
"07/05/2019","36.94","36.94","36.94","36.94","","2.98%"
"07/03/2019","35.87","35.87","35.87","35.87","","-1.21%"
"07/02/2019","36.31","36.31","36.31","36.31","","2.98%"
"07/01/2019","35.26","35.26","35.26","35.26","","9.10%"
"06/28/2019","32.32","32.32","32.32","32.32","","-0.46%"
"06/27/2019","32.47","32.47","32.47","32.47","","0.40%"
"06/26/2019","32.34","32.34","32.34","32.34","","-0.55%"
"06/25/2019","32.52","32.52","32.52","32.52","","-0.67%"
"06/24/2019","32.74","32.74","32.74","32.74","","0.06%"
"06/21/2019","32.72","32.72","32.72","32.72","","-1.21%"
"06/20/2019","33.12","33.12","33.12","33.12","","-0.45%"
"06/19/2019","33.27","33.27","33.27","33.27","","0.09%"
"06/18/2019","33.24","33.24","33.24","33.24","","0.82%"
"06/17/2019","32.97","32.97","32.97","32.97","","-2.11%"
"06/14/2019","33.68","33.68","33.68","33.68","","0.27%"
"06/13/2019","33.59","33.59","33.59","33.59","","0.30%"
"06/12/2019","33.49","33.49","33.49","33.49","","-1.44%"
"06/11/2019","33.98","33.98","33.98","33.98","","2.72%"
"06/10/2019","33.08","33.08","33.08","33.08","","2.00%"
"06/07/2019","32.43","32.43","32.43","32.43","","-4.98%"
"06/06/2019","34.13","34.13","34.13","34.13","","-1.02%"
"06/05/2019","34.48","34.48","34.48","34.48","","2.53%"
"06/04/2019","33.63","33.63","33.63","33.63","","0.18%"
"06/03/2019","33.57","33.57","33.57","33.57","","-5.41%"
"05/31/2019","35.49","35.49","35.49","35.49","","-6.21%"
"05/30/2019","37.84","37.84","37.84","37.84","","-0.05%"
"05/29/2019","37.86","37.86","37.86","37.86","","-0.29%"
"05/28/2019","37.97","37.97","37.97","37.97","","0.21%"
"05/24/2019","37.89","37.89","37.89","37.89","","0.32%"
"05/23/2019","37.77","37.77","37.77","37.77","","1.02%"
"05/22/2019","37.39","37.39","37.39","37.39","","-1.94%"
"05/21/2019","38.13","38.13","38.13","38.13","","0.37%"
"05/20/2019","37.99","37.99","37.99","37.99","","-0.60%"
"05/17/2019","38.22","38.22","38.22","38.22","","-1.01%"
"05/16/2019","38.61","38.61","38.61","38.61","","1.45%"
"05/15/2019","38.06","38.06","38.06","38.06","","-1.07%"
"05/14/2019","38.47","38.47","38.47","38.47","","-0.05%"
"05/13/2019","38.49","38.49","38.49","38.49","","-0.28%"
"05/10/2019","38.60","38.60","38.60","38.60","","-2.25%"
"05/09/2019","39.49","39.49","39.49","39.49","","-0.93%"
"05/08/2019","39.86","39.86","39.86","39.86","","3.29%"
"05/07/2019","38.59","38.59","38.59","38.59","","2.09%"
"05/06/2019","37.80","37.80","37.80","37.80","","0.77%"
"05/03/2019","37.51","37.51","37.51","37.51","","0.40%"
"05/02/2019","37.36","37.36","37.36","37.36","","-2.58%"
"05/01/2019","38.35","38.35","38.35","38.35","","0.00%"
"04/30/2019","38.35","38.35","38.35","38.35","","3.76%"
"04/29/2019","36.96","36.96","36.96","36.96","","0.03%"
"04/26/2019","36.95","36.95","36.95","36.95","","-0.46%"
"04/25/2019","37.12","37.12","37.12","37.12","","0.76%"
"04/24/2019","36.84","36.84","36.84","36.84","","1.29%"
"04/23/2019","36.37","36.37","36.37","36.37","","-7.24%"
"04/22/2019","39.21","39.21","39.21","39.21","","0.00%"
"04/18/2019","39.21","39.21","39.21","39.21","","1.00%"
"04/17/2019","38.82","38.82","38.82","38.82","","0.88%"
"04/16/2019","38.48","38.48","38.48","38.48","","-0.10%"
"04/15/2019","38.52","38.52","38.52","38.52","","-1.38%"
"04/12/2019","39.06","39.06","39.06","39.06","","1.14%"
"04/11/2019","38.62","38.62","38.62","38.62","","-2.43%"
"04/10/2019","39.58","39.58","39.58","39.58","","1.59%"
"04/09/2019","38.96","38.96","38.96","38.96","","1.43%"
"04/08/2019","38.41","38.41","38.41","38.41","","3.70%"
"04/05/2019","37.04","37.04","37.04","37.04","","4.13%"
"04/04/2019","35.57","35.57","35.57","35.57","","2.77%"
"04/03/2019","34.61","34.61","34.61","34.61","","0.17%"
"04/02/2019","34.55","34.55","34.55","34.55","","-0.83%"
"04/01/2019","34.84","34.84","34.84","34.84","","13.82%"
"03/29/2019","30.61","30.61","30.61","30.61","","-0.13%"
"03/28/2019","30.65","30.65","30.65","30.65","","0.49%"
"03/27/2019","30.50","30.50","30.50","30.50","","0.13%"
"03/26/2019","30.46","30.46","30.46","30.46","","-0.39%"
"03/25/2019","30.58","30.58","30.58","30.58","","0.16%"
"03/22/2019","30.53","30.53","30.53","30.53","","0.00%"
"03/21/2019","30.53","30.53","30.53","30.53","","-0.49%"
"03/20/2019","30.68","30.68","30.68","30.68","","-0.07%"
"03/19/2019","30.70","30.70","30.70","30.70","","0.03%"
"03/18/2019","30.69","30.69","30.69","30.69","","-1.82%"
"03/15/2019","31.26","31.26","31.26","31.26","","-0.45%"
"03/14/2019","31.40","31.40","31.40","31.40","","-1.72%"
"03/13/2019","31.95","31.95","31.95","31.95","","-2.35%"
"03/12/2019","32.72","32.72","32.72","32.72","","-1.51%"
"03/11/2019","33.22","33.22","33.22","33.22","","-2.81%"
"03/08/2019","34.18","34.18","34.18","34.18","","-0.12%"
"03/07/2019","34.22","34.22","34.22","34.22","","-3.14%"
"03/06/2019","35.33","35.33","35.33","35.33","","-2.94%"
"03/05/2019","36.40","36.40","36.40","36.40","","-2.99%"
"03/04/2019","37.52","37.52","37.52","37.52","","-2.47%"
"03/01/2019","38.47","38.47","38.47","38.47","","-0.13%"
"02/28/2019","38.52","38.52","38.52","38.52","","-10.04%"
"02/27/2019","42.82","42.82","42.82","42.82","","0.00%"
"02/26/2019","42.82","42.82","42.82","42.82","","0.05%"
"02/25/2019","42.80","42.80","42.80","42.80","","0.26%"
"02/22/2019","42.69","42.69","42.69","42.69","","-0.42%"
"02/21/2019","42.87","42.87","42.87","42.87","","0.07%"
"02/20/2019","42.84","42.84","42.84","42.84","","0.14%"
"02/19/2019","42.78","42.78","42.78","42.78","","0.49%"
"02/15/2019","42.57","42.57","42.57","42.57","","-2.07%"
"02/14/2019","43.47","43.47","43.47","43.47","","0.18%"
"02/13/2019","43.39","43.39","43.39","43.39","","-0.78%"
"02/12/2019","43.73","43.73","43.73","43.73","","-0.52%"
"02/11/2019","43.96","43.96","43.96","43.96","","-3.19%"
"02/08/2019","45.41","45.41","45.41","45.41","","-3.16%"
"02/07/2019","46.89","46.89","46.89","46.89","","1.80%"
"02/06/2019","46.06","46.06","46.06","46.06","","-1.12%"
"02/05/2019","46.58","46.58","46.58","46.58","","-1.25%"
"02/04/2019","47.17","47.17","47.17","47.17","","-9.08%"
"02/01/2019","51.88","51.88","51.88","51.88","","-4.19%"
"01/31/2019","54.15","54.15","54.15","54.15","","9.64%"
"01/30/2019","49.39","49.39","49.39","49.39","","0.14%"
"01/29/2019","49.32","49.32","49.32","49.32","","-0.38%"
"01/28/2019","49.51","49.51","49.51","49.51","","-0.32%"
"01/25/2019","49.67","49.67","49.67","49.67","","-1.04%"
"01/24/2019","50.19","50.19","50.19","50.19","","-1.20%"
"01/23/2019","50.80","50.80","50.80","50.80","","0.53%"
"01/22/2019","50.53","50.53","50.53","50.53","","-1.06%"
"01/18/2019","51.07","51.07","51.07","51.07","","-1.14%"
"01/17/2019","51.66","51.66","51.66","51.66","","0.96%"
"01/16/2019","51.17","51.17","51.17","51.17","","1.33%"
"01/15/2019","50.50","50.50","50.50","50.50","","0.30%"
"01/14/2019","50.35","50.35","50.35","50.35","","0.40%"
"01/11/2019","50.15","50.15","50.15","50.15","","0.58%"
"01/10/2019","49.86","49.86","49.86","49.86","","-1.29%"
"01/09/2019","50.51","50.51","50.51","50.51","","-0.98%"
"01/08/2019","51.01","51.01","51.01","51.01","","2.78%"
"01/07/2019","49.63","49.63","49.63","49.63","","-7.44%"
"01/04/2019","53.62","53.62","53.62","53.62","","-1.45%"
"01/03/2019","54.41","54.41","54.41","54.41","","-1.29%"
"01/02/2019","55.12","55.12","55.12","55.12","","-6.03%"
"12/31/2018","58.66","58.66","58.66","58.66","","23.52%"
"12/28/2018","47.49","47.49","47.49","47.49","","0.34%"
"12/27/2018","47.33","47.33","47.33","47.33","","0.38%"
"12/26/2018","47.15","47.15","47.15","47.15","","0.00%"
"12/24/2018","47.15","47.15","47.15","47.15","","-0.95%"
"12/21/2018","47.60","47.60","47.60","47.60","","-0.54%"
"12/20/2018","47.86","47.86","47.86","47.86","","1.40%"
"12/19/2018","47.20","47.20","47.20","47.20","","1.68%"
"12/18/2018","46.42","46.42","46.42","46.42","","-1.04%"
"12/17/2018","46.91","46.91","46.91","46.91","","-2.53%"
"12/14/2018","48.13","48.13","48.13","48.13","","2.30%"
"12/13/2018","47.05","47.05","47.05","47.05","","1.73%"
"12/12/2018","46.25","46.25","46.25","46.25","","2.50%"
"12/11/2018","45.12","45.12","45.12","45.12","","3.42%"
"12/10/2018","43.63","43.63","43.63","43.63","","-0.91%"
"12/07/2018","44.03","44.03","44.03","44.03","","-2.29%"
"12/06/2018","45.06","45.06","45.06","45.06","","-5.12%"
"12/05/2018","47.49","47.49","47.49","47.49","","-3.63%"
"12/04/2018","49.28","49.28","49.28","49.28","","-3.30%"
"12/03/2018","50.96","50.96","50.96","50.96","","-0.16%"
"11/30/2018","51.04","51.04","51.04","51.04","","-9.95%"
"11/29/2018","56.68","56.68","56.68","56.68","","0.14%"
"11/28/2018","56.60","56.60","56.60","56.60","","0.30%"
"11/27/2018","56.43","56.43","56.43","56.43","","-0.19%"
"11/26/2018","56.54","56.54","56.54","56.54","","-1.58%"
"11/23/2018","57.45","57.45","57.45","57.45","","-0.40%"
"11/21/2018","57.68","57.68","57.68","57.68","","2.25%"
"11/20/2018","56.41","56.41","56.41","56.41","","1.15%"
"11/19/2018","55.77","55.77","55.77","55.77","","-5.31%"
"11/16/2018","58.90","58.90","58.90","58.90","","-0.07%"
"11/15/2018","58.94","58.94","58.94","58.94","","-0.66%"
"11/14/2018","59.33","59.33","59.33","59.33","","0.66%"
"11/13/2018","58.94","58.94","58.94","58.94","","-0.34%"
"11/12/2018","59.14","59.14","59.14","59.14","","7.72%"
"11/09/2018","54.90","54.90","54.90","54.90","","0.24%"
"11/08/2018","54.77","54.77","54.77","54.77","","2.20%"
"11/07/2018","53.59","53.59","53.59","53.59","","4.20%"
"11/06/2018","51.43","51.43","51.43","51.43","","0.67%"
"11/05/2018","51.09","51.09","51.09","51.09","","-8.26%"
"11/02/2018","55.69","55.69","55.69","55.69","","1.09%"
"11/01/2018","55.09","55.09","55.09","55.09","","-3.59%"
"10/31/2018","57.14","57.14","57.14","57.14","","7.59%"
"10/30/2018","53.11","53.11","53.11","53.11","","-0.13%"
"10/29/2018","53.18","53.18","53.18","53.18","","-0.56%"
"10/26/2018","53.48","53.48","53.48","53.48","","-1.49%"
"10/25/2018","54.29","54.29","54.29","54.29","","-2.09%"
"10/24/2018","55.45","55.45","55.45","55.45","","-0.77%"
"10/23/2018","55.88","55.88","55.88","55.88","","-0.57%"
"10/22/2018","56.20","56.20","56.20","56.20","","4.85%"
"10/19/2018","53.60","53.60","53.60","53.60","","-0.43%"
"10/18/2018","53.83","53.83","53.83","53.83","","0.50%"
"10/17/2018","53.56","53.56","53.56","53.56","","-0.02%"
"10/16/2018","53.57","53.57","53.57","53.57","","-1.16%"
"10/15/2018","54.20","54.20","54.20","54.20","","-1.36%"
"10/12/2018","54.95","54.95","54.95","54.95","","1.57%"
"10/11/2018","54.10","54.10","54.10","54.10","","-2.91%"
"10/10/2018","55.72","55.72","55.72","55.72","","-0.36%"
"10/09/2018","55.92","55.92","55.92","55.92","","-1.64%"
"10/08/2018","56.85","56.85","56.85","56.85","","-3.69%"
"10/05/2018","59.03","59.03","59.03","59.03","","0.34%"
"10/04/2018","58.83","58.83","58.83","58.83","","1.27%"
"10/03/2018","58.09","58.09","58.09","58.09","","0.17%"
"10/02/2018","57.99","57.99","57.99","57.99","","4.26%"
"10/01/2018","55.62","55.62","55.62","55.62","","1.31%"
"09/28/2018","54.90","54.90","54.90","54.90","","-0.69%"
"09/27/2018","55.28","55.28","55.28","55.28","","-0.22%"
"09/26/2018","55.40","55.40","55.40","55.40","","-0.52%"
"09/25/2018","55.69","55.69","55.69","55.69","","-0.84%"
"09/24/2018","56.16","56.16","56.16","56.16","","1.85%"
"09/21/2018","55.14","55.14","55.14","55.14","","-1.66%"
"09/20/2018","56.07","56.07","56.07","56.07","","-0.25%"
"09/19/2018","56.21","56.21","56.21","56.21","","-0.55%"
"09/18/2018","56.52","56.52","56.52","56.52","","-2.06%"
"09/17/2018","57.71","57.71","57.71","57.71","","-2.68%"
"09/14/2018","59.30","59.30","59.30","59.30","","0.20%"
"09/13/2018","59.18","59.18","59.18","59.18","","-0.85%"
"09/12/2018","59.69","59.69","59.69","59.69","","-0.10%"
"09/11/2018","59.75","59.75","59.75","59.75","","0.50%"
"09/10/2018","59.45","59.45","59.45","59.45","","2.32%"
"09/07/2018","58.10","58.10","58.10","58.10","","2.41%"
"09/06/2018","56.73","56.73","56.73","56.73","","0.42%"
"09/05/2018","56.49","56.49","56.49","56.49","","-1.60%"
"09/04/2018","57.41","57.41","57.41","57.41","","-3.20%"
"08/31/2018","59.31","59.31","59.31","59.31","","5.55%"
"08/30/2018","56.19","56.19","56.19","56.19","","0.04%"
"08/29/2018","56.17","56.17","56.17","56.17","","-0.18%"
"08/28/2018","56.27","56.27","56.27","56.27","","0.12%"
"08/27/2018","56.20","56.20","56.20","56.20","","0.07%"
"08/24/2018","56.16","56.16","56.16","56.16","","0.18%"
"08/23/2018","56.06","56.06","56.06","56.06","","-0.34%"
"08/22/2018","56.25","56.25","56.25","56.25","","0.07%"
"08/21/2018","56.21","56.21","56.21","56.21","","1.92%"
"08/20/2018","55.15","55.15","55.15","55.15","","0.93%"
"08/17/2018","54.64","54.64","54.64","54.64","","0.68%"
"08/16/2018","54.27","54.27","54.27","54.27","","0.87%"
"08/15/2018","53.80","53.80","53.80","53.80","","0.04%"
"08/14/2018","53.78","53.78","53.78","53.78","","0.66%"
"08/13/2018","53.43","53.43","53.43","53.43","","2.53%"
"08/10/2018","52.11","52.11","52.11","52.11","","-0.78%"
"08/09/2018","52.52","52.52","52.52","52.52","","1.63%"
"08/08/2018","51.68","51.68","51.68","51.68","","0.39%"
"08/07/2018","51.48","51.48","51.48","51.48","","-0.27%"
"08/06/2018","51.62","51.62","51.62","51.62","","-0.04%"
"08/03/2018","51.64","51.64","51.64","51.64","","1.20%"
"08/02/2018","51.03","51.03","51.03","51.03","","-0.91%"
"08/01/2018","51.50","51.50","51.50","51.50","","0.80%"
"07/31/2018","51.09","51.09","51.09","51.09","","3.13%"
"07/30/2018","49.54","49.54","49.54","49.54","","-0.04%"
"07/27/2018","49.56","49.56","49.56","49.56","","-0.06%"
"07/26/2018","49.59","49.59","49.59","49.59","","-0.04%"
"07/25/2018","49.61","49.61","49.61","49.61","","0.18%"
"07/24/2018","49.52","49.52","49.52","49.52","","0.08%"
"07/23/2018","49.48","49.48","49.48","49.48","","1.06%"
"07/20/2018","48.96","48.96","48.96","48.96","","-0.69%"
"07/19/2018","49.30","49.30","49.30","49.30","","0.76%"
"07/18/2018","48.93","48.93","48.93","48.93","","0.64%"
"07/17/2018","48.62","48.62","48.62","48.62","","-0.04%"
"07/16/2018","48.64","48.64","48.64","48.64","","2.40%"
"07/13/2018","47.50","47.50","47.50","47.50","","-0.31%"
"07/12/2018","47.65","47.65","47.65","47.65","","-1.00%"
"07/11/2018","48.13","48.13","48.13","48.13","","1.30%"
"07/10/2018","47.51","47.51","47.51","47.51","","1.30%"
"07/09/2018","46.90","46.90","46.90","46.90","","3.97%"
"07/06/2018","45.11","45.11","45.11","45.11","","-0.68%"
"07/05/2018","45.42","45.42","45.42","45.42","","1.23%"
"07/03/2018","44.87","44.87","44.87","44.87","","-1.04%"
"07/02/2018","45.34","45.34","45.34","45.34","","6.88%"
"06/29/2018","42.42","42.42","42.42","42.42","","0.09%"
"06/28/2018","42.38","42.38","42.38","42.38","","0.17%"
"06/27/2018","42.31","42.31","42.31","42.31","","0.02%"
"06/26/2018","42.30","42.30","42.30","42.30","","0.21%"
"06/25/2018","42.21","42.21","42.21","42.21","","0.64%"
"06/22/2018","41.94","41.94","41.94","41.94","","-0.24%"
"06/21/2018","42.04","42.04","42.04","42.04","","-0.26%"
"06/20/2018","42.15","42.15","42.15","42.15","","-1.01%"
"06/19/2018","42.58","42.58","42.58","42.58","","1.55%"
"06/18/2018","41.93","41.93","41.93","41.93","","-4.79%"
"06/15/2018","44.04","44.04","44.04","44.04","","1.08%"
"06/14/2018","43.57","43.57","43.57","43.57","","-0.55%"
"06/13/2018","43.81","43.81","43.81","43.81","","-1.62%"
"06/12/2018","44.53","44.53","44.53","44.53","","1.04%"
"06/11/2018","44.07","44.07","44.07","44.07","","1.57%"
"06/08/2018","43.39","43.39","43.39","43.39","","0.56%"
"06/07/2018","43.15","43.15","43.15","43.15","","0.30%"
"06/06/2018","43.02","43.02","43.02","43.02","","-3.82%"
"06/05/2018","44.73","44.73","44.73","44.73","","0.49%"
"06/04/2018","44.51","44.51","44.51","44.51","","5.93%"
"06/01/2018","42.02","42.02","42.02","42.02","","-6.16%"
"05/31/2018","44.78","44.78","44.78","44.78","","33.51%"
"05/30/2018","33.54","33.54","33.54","33.54","","0.03%"
"05/29/2018","33.53","33.53","33.53","33.53","","1.02%"
"05/25/2018","33.19","33.19","33.19","33.19","","0.88%"
"05/24/2018","32.90","32.90","32.90","32.90","","1.17%"
"05/23/2018","32.52","32.52","32.52","32.52","","2.23%"
"05/22/2018","31.81","31.81","31.81","31.81","","1.27%"
"05/21/2018","31.41","31.41","31.41","31.41","","3.63%"
"05/18/2018","30.31","30.31","30.31","30.31","","-3.50%"
"05/17/2018","31.41","31.41","31.41","31.41","","-1.29%"
"05/16/2018","31.82","31.82","31.82","31.82","","-1.70%"
"05/15/2018","32.37","32.37","32.37","32.37","","0.62%"
"05/14/2018","32.17","32.17","32.17","32.17","","2.62%"
"05/11/2018","31.35","31.35","31.35","31.35","","-0.76%"
"05/10/2018","31.59","31.59","31.59","31.59","","0.77%"
"05/09/2018","31.35","31.35","31.35","31.35","","3.36%"
"05/08/2018","30.33","30.33","30.33","30.33","","-0.20%"
"05/07/2018","30.39","30.39","30.39","30.39","","0.43%"
"05/04/2018","30.26","30.26","30.26","30.26","","2.09%"
"05/03/2018","29.64","29.64","29.64","29.64","","-1.46%"
"05/02/2018","30.08","30.08","30.08","30.08","","-2.69%"
"05/01/2018","30.91","30.91","30.91","30.91","","-1.28%"
"04/30/2018","31.31","31.31","31.31","31.31","","-2.94%"
"04/27/2018","32.26","32.26","32.26","32.26","","0.50%"
"04/26/2018","32.10","32.10","32.10","32.10","","-0.65%"
"04/25/2018","32.31","32.31","32.31","32.31","","-0.40%"
"04/24/2018","32.44","32.44","32.44","32.44","","-0.98%"
"04/23/2018","32.76","32.76","32.76","32.76","","-1.33%"
"04/20/2018","33.20","33.20","33.20","33.20","","0.64%"
"04/19/2018","32.99","32.99","32.99","32.99","","-0.93%"
"04/18/2018","33.30","33.30","33.30","33.30","","-1.27%"
"04/17/2018","33.73","33.73","33.73","33.73","","0.09%"
"04/16/2018","33.70","33.70","33.70","33.70","","1.32%"
"04/13/2018","33.26","33.26","33.26","33.26","","2.06%"
"04/12/2018","32.59","32.59","32.59","32.59","","1.12%"
"04/11/2018","32.23","32.23","32.23","32.23","","-0.37%"
"04/10/2018","32.35","32.35","32.35","32.35","","-1.70%"
"04/09/2018","32.91","32.91","32.91","32.91","","-0.15%"
"04/06/2018","32.96","32.96","32.96","32.96","","0.15%"
"04/05/2018","32.91","32.91","32.91","32.91","","-1.82%"
"04/04/2018","33.52","33.52","33.52","33.52","","1.27%"
"04/03/2018","33.10","33.10","33.10","33.10","","-5.81%"
"04/02/2018","35.14","35.14","35.14","35.14","","-6.34%"
"03/29/2018","37.52","37.52","37.52","37.52","","-0.08%"
"03/28/2018","37.55","37.55","37.55","37.55","","-0.19%"
"03/27/2018","37.62","37.62","37.62","37.62","","0.78%"
"03/26/2018","37.33","37.33","37.33","37.33","","0.97%"
"03/23/2018","36.97","36.97","36.97","36.97","","-0.38%"
"03/22/2018","37.11","37.11","37.11","37.11","","1.20%"
"03/21/2018","36.67","36.67","36.67","36.67","","3.15%"
"03/20/2018","35.55","35.55","35.55","35.55","","1.48%"
"03/19/2018","35.03","35.03","35.03","35.03","","3.46%"
"03/16/2018","33.86","33.86","33.86","33.86","","0.09%"
"03/15/2018","33.83","33.83","33.83","33.83","","1.08%"
"03/14/2018","33.47","33.47","33.47","33.47","","-5.02%"
"03/13/2018","35.24","35.24","35.24","35.24","","0.46%"
"03/12/2018","35.08","35.08","35.08","35.08","","-0.85%"
"03/09/2018","35.38","35.38","35.38","35.38","","2.49%"
"03/08/2018","34.52","34.52","34.52","34.52","","1.32%"
"03/07/2018","34.07","34.07","34.07","34.07","","-0.41%"
"03/06/2018","34.21","34.21","34.21","34.21","","0.56%"
"03/05/2018","34.02","34.02","34.02","34.02","","-5.84%"
"03/02/2018","36.13","36.13","36.13","36.13","","0.42%"
"03/01/2018","35.98","35.98","35.98","35.98","","-0.83%"
"02/28/2018","36.28","36.28","36.28","36.28","","-9.57%"
"02/27/2018","40.12","40.12","40.12","40.12","","-0.20%"
"02/26/2018","40.20","40.20","40.20","40.20","","-2.52%"
"02/23/2018","41.24","41.24","41.24","41.24","","0.56%"
"02/22/2018","41.01","41.01","41.01","41.01","","1.76%"
"02/21/2018","40.30","40.30","40.30","40.30","","2.18%"
"02/20/2018","39.44","39.44","39.44","39.44","","1.52%"
"02/16/2018","38.85","38.85","38.85","38.85","","0.23%"
"02/15/2018","38.76","38.76","38.76","38.76","","0.47%"
"02/14/2018","38.58","38.58","38.58","38.58","","0.08%"
"02/13/2018","38.55","38.55","38.55","38.55","","1.15%"
"02/12/2018","38.11","38.11","38.11","38.11","","-0.24%"
"02/09/2018","38.20","38.20","38.20","38.20","","-0.16%"
"02/08/2018","38.26","38.26","38.26","38.26","","-3.14%"
"02/07/2018","39.50","39.50","39.50","39.50","","0.08%"
"02/06/2018","39.47","39.47","39.47","39.47","","-1.96%"
"02/05/2018","40.26","40.26","40.26","40.26","","-5.34%"
"02/02/2018","42.53","42.53","42.53","42.53","","-1.94%"
"02/01/2018","43.37","43.37","43.37","43.37","","6.69%"
"01/31/2018","40.65","40.65","40.65","40.65","","37.98%"
"01/30/2018","29.46","29.46","29.46","29.46","","-0.27%"
"01/29/2018","29.54","29.54","29.54","29.54","","0.37%"
"01/26/2018","29.43","29.43","29.43","29.43","","0.38%"
"01/25/2018","29.32","29.32","29.32","29.32","","-1.94%"
"01/24/2018","29.90","29.90","29.90","29.90","","-1.81%"
"01/23/2018","30.45","30.45","30.45","30.45","","-17.03%"
"12/06/2017","36.70","36.70","36.70","36.70","","-1.13%"
"12/05/2017","37.12","37.12","37.12","37.12","","-0.43%"